Topic,Platform,Status,Approved_Status,Posting_Status,Generated_Date,Posted_Date,Error_Message,Generated_Post,Image_URL
Data Analytics Career,LinkedIn,Completed,Approved,Posted,2026-06-07T22:06:27.352+05:30,2026-06-09T01:12:39.204-04:00,,"The data analytics industry is shifting rapidly. If you’re looking to break in or level up, moving beyond technical proficiency is the real differentiator.

While mastering SQL, Python, and visualization tools like Tableau or Power BI is non-negotiable, the most successful analysts today are the ones who excel in **Translational Data Science.** 

Here are three core shifts I’ve noticed in the industry:

1. **Focus on Business Impact over Complexity:** Stakeholders don’t care about the sophistication of your model; they care about how it solves a business problem or drives revenue. Always start with the ""Why.""
2. **Data Storytelling is the ""Killer App"":** Your insights are only as good as your ability to communicate them to non-technical stakeholders. If you can’t narrate the data, the analysis remains stuck in the spreadsheet.
3. **Domain Expertise is the Multiplier:** A generic analyst provides reports; a domain-expert analyst provides strategy. When you understand the nuances of the industry you’re analyzing, your recommendations become significantly more actionable.

The demand for people who can bridge the gap between complex datasets and boardroom decision-making has never been higher. 

What’s the most important skill you’ve had to develop in your analytics career so far? Let’s discuss in the comments.

#DataAnalytics #CareerGrowth #BusinessIntelligence",https://images.unsplash.com/photo-1666875753105-c63a6f3bdc86?crop=entropy&cs=tinysrgb&fit=max&fm=jpg&ixid=M3w5NzEwODl8MHwxfHNlYXJjaHwxfHxEYXRhJTIwQW5hbHl0aWNzJTIwQ2FyZWVyfGVufDB8fHx8MTc4MDc3ODMyMnww&ixlib=rb-4.1.0&q=80&w=1080
AI in Marketing,Instagram,Completed,Approved,Posted,2026-06-09T10:51:16.409+05:30,2026-06-09T06:01:47.921-04:00,,"AI isn't coming for your job, but a marketer using AI just might. 🤖✨

From hyper-personalized campaigns to predictive analytics, the game has officially changed. Are you using AI to streamline your workflow yet, or are you still doing it the hard way? Let’s talk strategy in the comments! 👇🚀

#AIinMarketing #MarketingStrategy #DigitalMarketing #MarTech #ContentCreation #FutureOfWork #MarketingTips #ArtificialIntelligence",https://images.unsplash.com/photo-1677442136019-21780ecad995?crop=entropy&cs=tinysrgb&fit=max&fm=jpg&ixid=M3w5NzEwODl8MHwxfHNlYXJjaHwxfHxBSSUyMGluJTIwTWFya2V0aW5nfGVufDB8fHx8MTc4MDk4MjQ3NXww&ixlib=rb-4.1.0&q=80&w=1080
SQL Interview Tips,LinkedIn,Completed,Approved,Posted,2026-06-09T16:53:23.340+05:30,2026-06-09T07:23:34.044-04:00,,"Mastering SQL isn't just about knowing the syntax—it's about demonstrating how you think through data problems. 

If you’re prepping for a technical interview, here are three tips to stand out:

1. **Clarify the requirements first.** Don’t jump straight into writing code. Ask about edge cases: How should the query handle NULL values? Are there duplicate records? What if the table is empty? Showing you think about data integrity before writing a single line of code signals seniority.

2. **Master the JOINs and Aggregations.** Most interview questions test your ability to combine multiple tables and aggregate data meaningfully. Practice your `LEFT JOIN` vs. `INNER JOIN` logic and get comfortable with `GROUP BY` and `HAVING` clauses.

3. **Readability matters.** Use clear aliases, proper indentation, and consistent formatting. Even if your logic is sound, unreadable code is a red flag. Treat your SQL like a production script that someone else will have to maintain.

SQL is the universal language of data. Focus on the ""why"" behind your query, and the technical implementation will follow. 

What’s the trickiest SQL question you’ve encountered in an interview? Let's discuss in the comments.

#SQL #DataAnalytics #InterviewTips",https://images.unsplash.com/photo-1629904853893-c2c8981a1dc5?crop=entropy&cs=tinysrgb&fit=max&fm=jpg&ixid=M3w5NzEwODl8MHwxfHNlYXJjaHwxfHxTUUwlMjBJbnRlcnZpZXclMjBUaXBzfGVufDB8fHx8MTc4MTAwNDIwMXww&ixlib=rb-4.1.0&q=80&w=1080
Python Interview Tips,Instagram,Completed,Approved,Posted,2026-06-09T16:56:24.936+05:30,2026-06-09T07:36:40.228-04:00,,"Struggling with Python interviews? Don’t panic! 🐍💻

The key isn't just knowing the syntax—it’s how you think. Here are my top 3 tips to ace your next technical round:

1️⃣ Master Data Structures: Know your lists, dictionaries, and sets inside out. Understand *why* and *when* to use them.
2️⃣ Think Out Loud: Interviewers want to hear your thought process. Explain your logic before you start typing! 🗣️
3️⃣ Time & Space Complexity: Always be ready to discuss the Big O of your solution. Efficiency is everything. ⏱️

Save this post for your next study session! 🚀

#Python #CodingInterview #TechTips #Programming #SoftwareEngineering #PythonDeveloper #CodeNewbie #TechCareer",https://images.unsplash.com/photo-1649180556628-9ba704115795?crop=entropy&cs=tinysrgb&fit=max&fm=jpg&ixid=M3w5NzEwODl8MHwxfHNlYXJjaHwxfHxQeXRob24lMjBJbnRlcnZpZXclMjBUaXBzfGVufDB8fHx8MTc4MTAwNDM4M3ww&ixlib=rb-4.1.0&q=80&w=1080
HR Interview Tips,Instagram,Completed,Approved,Posted,2026-06-09T17:08:11.636+05:30,2026-06-09T07:38:46.406-04:00,,"Nervous about your next HR interview? 😅 Don’t sweat it! 

The secret isn’t just in your resume—it’s in your storytelling. Focus on these 3 quick wins:

✨ **Be prepared to explain the ""Why"":** Why this role? Why this company? Have a genuine answer ready.
✨ **The STAR method is your bestie:** Situation, Task, Action, Result. Keep those answers structured and punchy! 🎯
✨ **Ask insightful questions:** Show them you’ve done your research. Ask about the team culture or current team goals! 💡

You’ve got the skills—now show them the personality to match! You’ve got this! 🚀

#interviewtips #careergoals #hrinterview #jobsearch #careertips #interviewprep #hiring #careeradvice",https://images.unsplash.com/photo-1686771416282-3888ddaf249b?crop=entropy&cs=tinysrgb&fit=max&fm=jpg&ixid=M3w5NzEwODl8MHwxfHNlYXJjaHwxfHxIUiUyMEludGVydmlldyUyMFRpcHN8ZW58MHx8fHwxNzgxMDA1MDkwfDA&ixlib=rb-4.1.0&q=80&w=1080
IT Jobs Nowadays,Instagram,Completed,Approved,Posted,2026-06-09T17:11:11.752+05:30,2026-06-09T07:42:22.824-04:00,,"Is the ""IT dream"" still alive in 2024? 💻✨

The landscape is shifting—it’s no longer just about writing code. It’s about AI integration, soft skills, and constant adaptation. The roles are evolving, but the demand for problem-solvers is higher than ever. 🚀

Are you leveling up or feeling the burnout? Let’s talk about the reality of the tech grind in the comments! 👇

#ITJobs #TechCareers #SoftwareEngineering #CareerGrowth #DigitalTransformation #FutureOfWork #TechLife #CodingCommunity",https://images.unsplash.com/photo-1607523751675-a5c894ceb6bc?crop=entropy&cs=tinysrgb&fit=max&fm=jpg&ixid=M3w5NzEwODl8MHwxfHNlYXJjaHwxfHxJVCUyMEpvYnMlMjBOb3dhZGF5c3xlbnwwfHx8fDE3ODEwMDUyNzB8MA&ixlib=rb-4.1.0&q=80&w=1080